{
  "project_info": {
    "project_number": "1022097167450",
    "firebase_url": "https://memberapp-6481a.firebaseio.com",
    "project_id": "memberapp-6481a",
    "storage_bucket": "memberapp-6481a.appspot.com"
  },
  "client": [
    {
      "client_info": {
        "mobilesdk_app_id": "1:1022097167450:android:d0c024ad80048976b33463",
        "android_client_info": {
          "package_name": "com.wps.memberapp"
        }
      },
      "oauth_client": [
        {
          "client_id": "1022097167450-cn9cseehm5oecb6865rbarjrc348s86c.apps.googleusercontent.com",
          "client_type": 3
        }
      ],
      "api_key": [
        {
          "current_key": "AIzaSyBzO34LWPkv1tekWzQpfyPDq81ruJ0mxrw"
        }
      ],
      "services": {
        "appinvite_service": {
          "other_platform_oauth_client": [
            {
              "client_id": "1022097167450-cn9cseehm5oecb6865rbarjrc348s86c.apps.googleusercontent.com",
              "client_type": 3
            }
          ]
        }
      }
    }
  ],
  "configuration_version": "1"
}